{
  "_meta": {
    "sources": [
      "loopback/common/models",
      "loopback/server/models",
      "../common/models",
      "./models"
    ],
    "mixins": [
      "loopback/common/mixins",
      "../node_modules/loopback-ds-timestamp-mixin",
      "../common/mixins"
    ]
  },
  "User": {
    "dataSource": "db",
    "public": false
  },
  "AccessToken": {
    "dataSource": "db",
    "public": false
  },
  "ACL": {
    "dataSource": "db",
    "public": false
  },
  "RoleMapping": {
    "dataSource": "db",
    "public": false,
    "options": {
      "strictObjectIDCoercion": true
    }
  },
  "Role": {
    "dataSource": "db",
    "public": false
  },
  "Agency": {
    "dataSource": "db",
    "public": true
  },
  "Device": {
    "dataSource": "db",
    "public": true
  },
  "Game": {
    "dataSource": "db",
    "public": true
  },
  "Ad": {
    "dataSource": "db",
    "public": true
  },
  "AddManagement": {
    "dataSource": "db",
    "public": true
  },
  "attacment": {
    "dataSource": "storage",
    "public": true
  },
  "companyPromotionsCount": {
    "dataSource": "db",
    "public": true
  }
}
