{
  "name": "Ad",
  "plural": "cross-add-promotions",
  "base": "PersistedModel",
  "idInjection": true,
  "options": {
    "validateUpsert": true
  },
  "mixins": {
    "TimeStamp": {
      "createdAt": "created",
      "updatedAt": "updated",
      "required": false,
      "validateUpsert": true,
      "silenceWarnings": false
    }
  },
  "properties": {
    "type": {
      "type": "string"
    },
    "name": {
      "type": "string"
    },
    "url": {
      "type": "string"
    },
    "category": {
      "type": "string"
    },
    "status": {
      "type": "string"
    },
    "count": {
      "type": "number"
    },
    "agencyId": {
      "type": "number"
    }
  },
  "validations": [],
  "relations": {
    "addManagements": {
      "type": "hasMany",
      "model": "AddManagement",
      "foreignKey": "adId"
    }
  },
  "acls": [],
  "methods": {
    "showRandomAdd":{
      "accepts": [
        {
          "arg": "gameId",
          "type": "integer",
          "required": true,
          "description": "gameId is mandatory",
          "http": {
            "source": "query"
          }
        },
        {
          "arg": "Plateform",
          "type": "string",
          "required": true,
          "description": "Choose Platefrom Android or IOS",
          "http": {
            "source": "query"
          }
        }
      ],
      "returns": [
        {
          "arg": "Response",
          "type": "object",
          "root": true,
          "description": "Response"
        }
      ],
      "description": "This will show random add of a given game. If game id is not given, it will show add of any random game",
      "http": [
        {
          "path": "/show-random-add",
          "verb": "get"
        }
      ]
    },"Status":{
      "accepts": [
        {
          "arg": "AdId",
          "type": "number",
          "required": true,
          "description": "gameId is mandatory",
          "http": {
            "source": "query"
          }
        },
        {
          "arg": "status",
          "type": "string",
          "required": true,
          "description": "Choose Platefrom Android or IOS",
          "http": {
            "source": "query"
          }
        }
      ],
      "returns": [
        {
          "arg": "Response",
          "type": "object",
          "root": true,
          "description": "Response"
        }
      ],
      "description": "This will update the status",
      "http": [
        {
          "path": "/Update_Status",
          "verb": "post"
        }
      ]
    },
    "pagination": {
      "accepts": [
        {
          "arg": "start",
          "type": "number",
          "required": true,
          "description": "start index is mandatory",
          "http": {
            "source": "query"
          }
        },
        {
          "arg": "limit",
          "type": "number",
          "required": true,
          "description": "Limit of record mandatory",
          "http": {
            "source": "query"
          }
        },
        {
          "arg": "agencyId",
          "type": "number",
          "required": true,
          "description": "agencyId is is required",
          "http": {
            "source": "query"
          }
        }
      ],
      "returns": [
        {
          "arg": "Response",
          "type": "object",
          "root": true,
          "description": "Response"
        }
      ],
      "description": "This will Return some record for pagination",
      "http": [
        {
          "path": "/record",
          "verb": "get"
        }
      ]
    },
    "AddsForGame": {
      "accepts": [
        {
          "arg": "GameId",
          "type": "number",
          "required": true,
          "description": "GameId is mendatory",
          "http": {
            "source": "query"
          }
        }
      ],
      "returns": [
        {
          "arg": "Response",
          "type": "object",
          "root": true,
          "description": "Response"
        }
      ],
      "description": "This will Return count and ads aginst gameid",
      "http": [
        {
          "path": "/AddsForGame",
          "verb": "get"
        }
      ]
    },
    "UpdateAd": {
      "accepts": [
        {
          "arg": "id",
          "type": "number",
          "required": true,
          "description": "instence Id",
          "http": {
            "source": "query"
          }
        },
        {
          "arg": "data",
          "type": "object",
          "required": true,
          "description": "Model instance data",
          "http": {
            "source": "body"
          }
        }
      ],
      "returns": [
        {
          "arg": "Response",
          "type": "object",
          "root": true,
          "description": "Response"
        }
      ],
      "description": "Custom API to update Ad ",
      "http": [
        {
          "path": "/updateAd",
          "verb": "post"
        }
      ]
    }
  }
}
