{
  "name": "AddManagement",
  "plural": "cross-promotion-add-managements",
  "base": "PersistedModel",
  "idInjection": true,
  "options": {
    "validateUpsert": true
  },
  "mixins": {
    "TimeStamp": {
      "createdAt": "created",
      "updatedAt": "updated",
      "required": false,
      "validateUpsert": true,
      "silenceWarnings": false
    }
  },
  "properties": {
    "fromGame": {
      "type": "string"
    }
  },
  "validations": [],
  "relations": {},
  "acls": [],
  "methods": {
    "AdInfoManagement": {
      "accepts": [
        {
          "arg": "gameId",
          "type": "integer",
          "required": false,
          "description": "gameid is mandatory",
          "http": {
            "source": "query"
          }
        },
        {
          "arg": "adId",
          "type": "integer",
          "required": false,
          "description": "ad id is mandatory",
          "http": {
            "source": "query"
          }
        }
      ],
      "returns": [
        {
          "arg": "Response",
          "type": "object",
          "root": true,
          "description": "Response"
        }
      ],
      "description": "This will show isSuccess response",
      "http": [
        {
          "path": "/cross-promotion-add-count-management",
          "verb": "post"
        }
      ]
    },
    "GetAdInfoManagement": {
      "accepts": [
        {
          "arg": "agencyId",
          "type": "integer",
          "required": false,
          "description": "agencyId is mandatory",
          "http": {
            "source": "query"
          }
        }
      ],
      "returns": [
        {
          "arg": "Response",
          "type": "object",
          "root": true,
          "description": "Response"
        }
      ],
      "description": "This will return AdMangment information",
      "http": [
        {
          "path": "/cross-promotion-add-Info",
          "verb": "get"
        }
      ]
    }
  }
}
