{
  "name": "Agency",
  "plural": "agencies",
  "base": "User",
  "idInjection": true,
  "options": {
    "validateUpsert": true
  },
  "mixins": {
    "TimeStamp": {
      "createdAt": "created",
      "updatedAt": "updated",
      "required": false,
      "validateUpsert": true,
      "silenceWarnings": false
    }
  },
  "properties": {
    "name": {
      "type": "string"
    },
    "agencyStatus": {
      "type": "boolean"
    }
  },
  "validations": [],
  "relations": {
    "games": {
      "type": "hasMany",
      "model": "Game",
      "foreignKey": "agencyId"
    },
    "companyPromotionsCount": {
      "type": "hasOne",
      "model": "companyPromotionsCount",
      "foreignKey": ""
    }
  },
  "acls": [],
  "methods": {}
}
