{
  "name": "Device",
  "plural": "devices",
  "base": "PersistedModel",
  "idInjection": true,
  "options": {
    "validateUpsert": true
  },
  "mixins": {
    "TimeStamp": {
      "createdAt": "created",
      "updatedAt": "updated",
      "required": false,
      "validateUpsert": true,
      "silenceWarnings": false
    }
  },
  "properties": {
    "name": {
      "type": "string"
    },
    "deviceNumber": {
      "type": "number"
    }
  },
  "validations": [],
  "relations": {
    "games": {
      "type": "hasMany",
      "model": "Game",
      "foreignKey": "deviceId"
    }
  },
  "acls": [],
  "methods": {}
}
