{
  "name": "Game",
  "plural": "games",
  "base": "PersistedModel",
  "idInjection": true,
  "options": {
    "validateUpsert": true
  },
  "mixins": {
    "TimeStamp": {
      "createdAt": "created",
      "updatedAt": "updated",
      "required": false,
      "validateUpsert": true,
      "silenceWarnings": false
    }
  },
  "properties": {
    "name": {
      "type": "string"
    },
    "androidUrl": {
      "type": "string"
    },
    "iosUrl": {
      "type": "string"
    },
    "category": {
      "type": "string"
    },
    "status": {
      "type": "string"
    }
  },
  "validations": [],
  "relations": {
    "Ads": {
      "type": "hasMany",
      "model": "Ad",
      "foreignKey": "gameId"
    }
  },
  "acls": [],
  "methods": {
    "pagination": {
      "accepts": [
        {
          "arg": "page",
          "type": "number",
          "required": true,
          "description": "start index is mandatory",
          "http": {
            "source": "query"
          }
        },
        {
          "arg": "limit",
          "type": "number",
          "required": true,
          "description": "Limit of record mandatory",
          "http": {
            "source": "query"
          }
        },
        {
          "arg": "agencyId",
          "type": "number",
          "required": true,
          "description": "agencyId is is required",
          "http": {
            "source": "query"
          }
        }
      ],
      "returns": [
        {
          "arg": "Response",
          "type": "object",
          "root": true,
          "description": "Response"
        }
      ],
      "description": "This will Return some record for pagination",
      "http": [
        {
          "path": "/paginationRecord",
          "verb": "get"
        }
      ]
    },
    "status": {
      "accepts": [
        {
          "arg": "id",
          "type": "number",
          "required": true,
          "description": "id of game",
          "http": {
            "source": "query"
          }
        },
        {
          "arg": "status",
          "type": "object",
          "required": true,
          "description": "Model Instence Data",
          "http": {
            "source": "body"
          }
        }
      ],
      "returns": [
        {
          "arg": "Response",
          "type": "object",
          "root": true,
          "description": "Response"
        }
      ],
      "description": "Update the status of the game",
      "http": [
        {
          "path": "/status",
          "verb": "post"
        }
      ]
    },
    "updateGame": {
      "accepts": [
        {
          "arg": "id",
          "type": "number",
          "required": true,
          "description": "game id",
          "http": {
            "source": "query"
          }
        },
        {
          "arg": "data",
          "type": "object",
          "required": true,
          "description": "Model instance data",
          "http": {
            "source": "body"
          }
        }
      ],
      "returns": [
        {
          "arg": "Response",
          "type": "object",
          "root": true,
          "description": "Response"
        }
      ],
      "description": "This will update game",
      "http": [
        {
          "path": "/updateGame",
          "verb": "post"
        }
      ]
    }
  }
}
